{
  "type": "minecraft:flat_cache",
  "argument": {
    "type": "minecraft:cache_2d",
    "argument": {
      "type": "minecraft:spline",
      "spline": {
        "coordinate": {
          "type": "minecraft:interpolated",
          "argument": "skylands:ridges/noise"
        },
        "points": [
          {
            "location": -0.35,
            "derivative": 0,
            "value": {
              "coordinate": "skylands:islands/layer3/noise",
              "points": [
                {
                  "location": 0,
                  "derivative": 0,
                  "value": 0
                },
                {
                  "location": 0.049,
                  "value": 0.312,
                  "derivative": 8.903
                },
                {
                  "location": 0.209,
                  "value": 0.476,
                  "derivative": 2.066
                },
                {
                  "location": 0.322,
                  "value": 0.417,
                  "derivative": -3.637
                },
                {
                  "location": 0.364,
                  "value": 0.117,
                  "derivative": 0
                },
                {
                  "location": 0.418,
                  "value": 0.311,
                  "derivative": 0
                }
              ]
            }
          },
          {
            "location": -0.25,
            "derivative": 0,
            "value": {
              "coordinate": "skylands:islands/layer3/noise",
              "points": [
                {
                  "location": 0,
                  "derivative": 0,
                  "value": 0
                },
                {
                  "location": 0.049,
                  "value": 0.12,
                  "derivative": 8.903
                },
                {
                  "location": 0.209,
                  "value": 0.22,
                  "derivative": 2.579
                },
                {
                  "location": 0.322,
                  "value": 0.205,
                  "derivative": 2.256
                },
                {
                  "location": 0.364,
                  "value": 0.05,
                  "derivative": 0
                },
                {
                  "location": 0.418,
                  "value": 0.13,
                  "derivative": 0
                }
              ]
            }
          },
          {
            "location": -0.15,
            "derivative": 0,
            "value": 0
          },
          {
            "location": 0,
            "derivative": 0,
            "value": 0
          },
          {
            "location": 0.15,
            "derivative": 0,
            "value": 0
          },
          {
            "location": 0.25,
            "derivative": 0,
            "value": {
              "coordinate": "skylands:islands/layer3/noise",
              "points": [
                {
                  "location": 0,
                  "derivative": 0,
                  "value": 0
                },
                {
                  "location": 0.1,
                  "derivative": 0,
                  "value": 0.11
                },
                {
                  "location": 0.2,
                  "derivative": 0,
                  "value": 0.12
                },
                {
                  "location": 0.3,
                  "derivative": 0,
                  "value": 0.37
                },
                {
                  "location": 0.5,
                  "derivative": 0,
                  "value": 0.25
                },
                {
                  "location": 0.65,
                  "derivative": 0,
                  "value": 0.27
                },
                {
                  "location": 0.7,
                  "derivative": 0,
                  "value": 0.22
                }
              ]
            }
          },
          {
            "location": 0.35,
            "derivative": 0,
            "value": {
              "coordinate": "skylands:islands/layer3/noise",
              "points": [
                {
                  "location": 0,
                  "derivative": 0,
                  "value": 0
                },
                {
                  "location": 0.1,
                  "derivative": 0,
                  "value": 0.3
                },
                {
                  "location": 0.2,
                  "value": 0.35,
                  "derivative": 1.928
                },
                {
                  "location": 0.322,
                  "value": 0.666,
                  "derivative": 0
                },
                {
                  "location": 0.5,
                  "derivative": 0,
                  "value": 0.55
                },
                {
                  "location": 0.65,
                  "derivative": 0,
                  "value": 0.625
                },
                {
                  "location": 0.7,
                  "derivative": 0,
                  "value": 0.435
                }
              ]
            }
          }
        ]
      }
    }
  }
}