{
  "type": "minecraft:cache_once",
  "argument": {
    "type": "minecraft:flat_cache",
    "argument": {
      "type": "minecraft:cache_2d",
      "argument": {
        "type": "minecraft:spline",
        "spline": {
          "coordinate": "skylands:continents/noise",
          "points": [
            {
              "location": -1.6,
              "derivative": 0,
              "value": -1.075
            },
            {
              "location": -1.25,
              "derivative": 0,
              "value": -1.05
            },
            {
              "location": -1.15,
              "derivative": 0,
              "value": -0.445
            },
            {
              "location": -0.8,
              "derivative": 0,
              "value": -0.22
            },
            {
              "location": -0.35,
              "derivative": 0,
              "value": 0
            },
            {
              "location": -0.2,
              "derivative": 0,
              "value": 0.2
            },
            {
              "location": 1,
              "derivative": 0,
              "value": 1
            }
          ]
        }
      }
    }
  }
}