{
  "type": "minecraft:range_choice",
  "input": "skylands:continents/oceanic_terrain_limiter",
  "min_inclusive": -1.05,
  "max_exclusive": -0.195,
  "when_in_range": {
    "type": "minecraft:interpolated",
    "argument": "skylands:islands/oceanic/final"
  },
  "when_out_of_range": {
    "type": "minecraft:range_choice",
    "input": {
      "type": "minecraft:interpolated",
      "argument": "skylands:ridges/final"
    },
    "min_inclusive": -0.15,
    "max_exclusive": 0.15,
    "when_in_range": "skylands:terrain/no_caves",
    "when_out_of_range": {
      "type": "minecraft:spline",
      "spline": {
        "coordinate": "minecraft:y",
        "points": [
          {
            "location": -64,
            "derivative": 0,
            "value": {
              "coordinate": "skylands:terrain/with_caves",
              "points": [
                {
                  "location": -1,
                  "derivative": 1,
                  "value": -1
                },
                {
                  "location": 1,
                  "derivative": 1,
                  "value": 1
                }
              ]
            }
          },
          {
            "location": 80,
            "derivative": 0,
            "value": {
              "coordinate": "skylands:terrain/with_caves",
              "points": [
                {
                  "location": -1,
                  "derivative": 1,
                  "value": -1
                },
                {
                  "location": 1,
                  "derivative": 1,
                  "value": 1
                }
              ]
            }
          },
          {
            "location": 96,
            "derivative": 0,
            "value": {
              "coordinate": "skylands:terrain/no_caves",
              "points": [
                {
                  "location": -1,
                  "derivative": 1,
                  "value": -1
                },
                {
                  "location": 1,
                  "derivative": 1,
                  "value": 1
                }
              ]
            }
          }
        ]
      }
    }
  }
}