{
  "type": "minecraft:cache_once",
  "argument": {
    "type": "minecraft:spline",
    "spline": {
      "coordinate": "skylands:continents/base",
      "points": [
        {
          "location": -1.06,
          "derivative": 0,
          "value": {
            "coordinate": "skylands:y",
            "points": [
              {
                "location": 80,
                "derivative": 0,
                "value": -0.1
              },
              {
                "location": 96,
                "derivative": 0,
                "value": {
                  "coordinate": "skylands:islands/final",
                  "points": [
                    {
                      "location": -1,
                      "derivative": 1,
                      "value": -1
                    },
                    {
                      "location": 1,
                      "derivative": 1,
                      "value": 1
                    }
                  ]
                }
              }
            ]
          }
        },
        {
          "location": -1.06,
          "derivative": 0,
          "value": -0.1
        },
        {
          "location": -0.17,
          "derivative": 0,
          "value": -0.1
        },
        {
          "location": -0.14,
          "derivative": 0,
          "value": {
            "coordinate": "skylands:islands/final",
            "points": [
              {
                "location": -1,
                "derivative": 1,
                "value": -1
              },
              {
                "location": 1,
                "derivative": 1,
                "value": 1
              }
            ]
          }
        }
      ]
    }
  }
}