{
  "type": "minecraft:cache_once",
  "argument": {
    "type": "minecraft:range_choice",
    "input": "skylands:y",
    "min_inclusive": -64,
    "max_exclusive": 0,
    "when_in_range": {
      "type": "minecraft:max",
      "argument1": "skylands:islands/layer1/depth_bottom",
      "argument2": "skylands:islands/layer2/depth_bottom"
    },
    "when_out_of_range": {
      "type": "minecraft:range_choice",
      "input": "skylands:y",
      "min_inclusive": 0,
      "max_exclusive": 48,
      "when_in_range": {
        "type": "minecraft:max",
        "argument1": "skylands:islands/layer1/depth_top",
        "argument2": {
          "type": "minecraft:max",
          "argument1": "skylands:islands/layer2/depth_bottom",
          "argument2": "skylands:islands/layer3/depth_bottom"
        }
      },
      "when_out_of_range": {
        "type": "minecraft:range_choice",
        "input": "skylands:y",
        "min_inclusive": 48,
        "max_exclusive": 96,
        "when_in_range": {
          "type": "minecraft:max",
          "argument1": "skylands:islands/layer1/depth_top",
          "argument2": {
            "type": "minecraft:max",
            "argument1": "skylands:islands/layer2/depth_top",
            "argument2": {
              "type": "minecraft:max",
              "argument1": "skylands:islands/layer3/depth_bottom",
              "argument2": "skylands:islands/layer4/depth_bottom"
            }
          }
        },
        "when_out_of_range": {
          "type": "minecraft:range_choice",
          "input": "skylands:y",
          "min_inclusive": 96,
          "max_exclusive": 144,
          "when_in_range": {
            "type": "minecraft:max",
            "argument1": "skylands:islands/layer2/depth_top",
            "argument2": {
              "type": "minecraft:max",
              "argument1": "skylands:islands/layer3/depth_top",
              "argument2": {
                "type": "minecraft:max",
                "argument1": "skylands:islands/layer4/depth_bottom",
                "argument2": "skylands:islands/layer5/depth_bottom"
              }
            }
          },
          "when_out_of_range": {
            "type": "minecraft:range_choice",
            "input": "skylands:y",
            "min_inclusive": 144,
            "max_exclusive": 192,
            "when_in_range": {
              "type": "minecraft:max",
              "argument1": "skylands:islands/layer3/depth_top",
              "argument2": {
                "type": "minecraft:max",
                "argument1": "skylands:islands/layer4/depth_top",
                "argument2": "skylands:islands/layer5/depth_bottom"
              }
            },
            "when_out_of_range": {
              "type": "minecraft:range_choice",
              "input": "skylands:y",
              "min_inclusive": 192,
              "max_exclusive": 256,
              "when_in_range": {
                "type": "minecraft:max",
                "argument1": "skylands:islands/layer4/depth_top",
                "argument2": "skylands:islands/layer5/depth_top"
              },
              "when_out_of_range": -0.1
            }
          }
        }
      }
    }
  }
}